size,cells_per_s
64,198927972.614621
100,428769581.370819
200,1136311178.81632
256,1406512276.74829
500,1930530254.88405
