config,perf_time,code_time
0,6.9757386255,6.97
1,1.1248,0.144799